,ATM_IV,ATM_IV_std,IV_Percentile,IV_Percentile_std,Implied_Move,Implied_Move_std,IV_Skew,IV_Skew_std,CallPut_Volume_Ratio,CallPut_Volume_Ratio_std,Risk_Reversal,Risk_Reversal_std,Total_OI,Total_OI_std,Max_OI,Max_OI_std,Calendar_Spread,Calendar_Spread_std,Large_Trades_Sweeps,Large_Trades_Sweeps_std
FDA Decisions,9678.77644492766,7877.863319728652,38.46153846153846,25.22091740116154,324.8420845801642,239.13785173749125,1.0758041849360198,0.13691470281237342,0.9878128205128207,0.9204935146536314,30.742621261709925,88.49436955474829,983.6153846153846,1476.9835704758605,244.46153846153845,377.99035709812966,-42.74638518618186,53.91974152013261,0.46153846153846156,1.0088366960464616
Phase 3 Data,9368.57610029762,9246.226100298107,25.0,25.0,300.8327675173851,299.7927675174007,0.8954423408027576,0.13455765919724932,0.7000000000000001,0.3,2.2274182500000026,2.267418251160234,48.5,48.5,38.0,38.0,34.846486713888886,32.64648671390335,0.0,0.0
Phase 1/2 Data,21982.064249714287,198.19074723626062,50.0,0.0,709.2736715048817,6.394826134328389,0.9915873505778731,0.07535358600918282,1.0,0.0,51.351020428571424,1.741017579912295,136.92857142857142,491.7648195581929,48.714285714285715,173.7097038869441,-36.03443843168087,65.39759814104303,0.07142857142857142,0.25753937681885636
Data Announcements,8356.995047756403,7387.2620816189865,37.755102040816325,23.756013728209826,282.86431708715867,223.86505813012596,1.1185927338353956,0.20431578664879452,1.3706673442918023,3.4840081005319163,-17.54901921210929,52.581070460445915,1221.9591836734694,1820.9036998282784,316.265306122449,535.8356729335699,-11.888100242367571,21.30659333108095,0.5918367346938775,1.354032033910071
